org_id,assessment,org_name,org_address,org_address2,org_city,org_state,org_zip,boro_id,org_phone,org_fax,org_website,org_email,org_boundary,org_neighborhood,org_year,org_realestate,org_blocks,org_businesses
20,"$400,000.00",Steinway Street,"25-69 38th Street, 1C ",,Astoria,NY,11103,Queens,7187287820,7187287413,www.steinwaystreet.org,info@steinwaystreet.nyc,Steinway Street from 25th Avenue to 36th Avenue,Astoria,October 1991,"A shopping district minutes from Manhattan, Steinway street provides friendly neighborhood services and a worldly selection of merchandise.  Located in the vibrant community of Astoria, Steinway Street is easily accessible by public and private transportation.  In  addition to the great shopping on Steinway Street, the surrounding area has an array of restaurants, cafes and specialty foods from every corner of the world. The ideal place to 'make a day of it,' shopping, dining, museums, sightseeing,  Steinway Street provides it all.",10,275
39,"$900,000.00",47th Street,580 Fifth Avenue,Suite 323,New York,NY,10036,Manhattan,2123025739,2123027835,www.diamonddistrict.org,info@diamonddistrict.org,West 47th Street from 5th Avenue to Avenue of the Americas,Midtown,July 1997,"The Diamond District, located in the heart of midtown Manhattan, is the world's largest shopping district for diamonds and fine jewelry. Most of the diamonds entering this country go through the Diamond District and more than 2,600 independent businesses are located in the district.",,
18,"$224,450.00",82nd Street Partnership,37-06 82nd Street,Suite 309,Jackson Heights,NY,11372,Queens,7183359421,7185072977,www.82ndstreetbid.org,leslie@82ndstreet.org,82nd Street from 37th Avenue to Baxter Avenue,Jackson Heights,January 1990,The 82nd Street Business Improvement District (BID) has over 120 specialty and chain stores for your shopping convenience.   Jackson Heights is an ethnically and economically diverse community that is known for its historic appeal and landmark architecture.  All of your shopping needs can be met on 82nd Street.,8,125
51,"$240,000.00",161st Street,900 Grand Concourse,Ground Floor,Bronx,NY,10451,Bronx,7185905433,7185905433,www.161bid.org,carygood@aol.com,161st Street from River Avenue to Morris Avenue; River Avenue from East 158th Street to East 162nd Street; Grand Concourse from 161st to 162nd Streets; Sheridan Avenue from East 161st to 162nd Streets,Concourse Village,April 2005,"The 161st Street BID is located at a major crossroads of the world-famous, Yankee Stadium.",,
21,"$10,885,000.00",34th Street Partnership,1065 Avenue of the Americas,Suite 2400,New York,NY,10018,Manhattan,2127193434,2127193499,www.34thstreet.org,34th@urbanmgt.com,"Area generally bounded by 31st Street to the south, 36th Street to the north, 10th Avenue to the west and Park Avenue to the east",Midtown,January 1992,"The 34th Street Partnership district is located at the center of Manhattan, and, arguably, the heart of New York City.  Here you will find some of the world's best stores, most-famous attractions, office buildings, hotels and a growing residential population. Area attractions include  the Empire State Building, Madison Square Garden and  Macy's Herald Square which averages 30,000 visitors a day  - peaking to more than 65,000 visitors a day around the winter holidays - making it the third most-visited site in New York City after our own Empire State Building and the Statue of Liberty.'",108,539
19,"$290,000.00",Kings Highway,905 Kings Highway,2nd Floor,Brooklyn,NY,11223,Brooklyn,7186451100,7186450645,www.kingshighwaybid.org,Kingshwaybid@aol.com,Kings Highway from Ocean Parkway to Ocean Avenue; Quentin Road from Coney Island Avenue to East 13th Street,Midwood,January 1990,"For over 50 years, Kings Highway has prided itself in being one of the most dynamic retail strips in the borough of  Brooklyn.   There are over 200 merchants within the BID selling quality merchandise from Armani dresses to Rolex watches as well as kosher pizza and, arguably, the best bagels in New York City.",28,230
38,"$2,400,000.00",Lincoln Square,1841 Broadway,Room 1112,New York,NY,10023,Manhattan,2125813774,2125813563,www.lincolnbid.org,mblum@lincolnsquarebid.org,"Area generally bounded by  59th Street to the south, 70th Street to the north, Amsterdam Avenue to the west and Central Park West to the east",Lincoln Center,April 1997,"Lincoln Square is a neighborhood  with a rich mixture of culture and ideas.  Home to Lincoln Center for the Performing Arts, ABC and the Time Warner Center, this dynamic westside neighborhood is one of New York's prime destinations for  shopping, dining and entertainment.",84,250
33,"$300,000.00",Sunset Park,5116A 5th Avenue,Suite 200,Brooklyn,NY,11220,Brooklyn,7184397767,7184397794,www.sunsetparkbid.org,renee@sunsetparkbid.org,Fifth Avenue from 38th Street to 64th Street,Sunset Park,July 1995,"Fifth Avenue is the main shopping strip in Sunset Park,  home to over 500 mainly mom and pop businesses that feature restaurants, music centers, clothing/apparel, nail and hair salons, electronics, cell phones, furniture, gift/variety, insurance, real estate, travel, grocery, and other service businesses.  The BID is part of the Sunset Park Historic District, the largest such district in New York City.",52,539
30,"$1,400,000.00",Village Alliance,8 East 8th Street,,New York,NY,10003,Manhattan,2127772173,2125050639,www.villagealliance.org,william.kelley@villagealliance.org,"The Village Alliance is bounded on the west side by 6th Avenue and on the east side by 2nd Avenue with 8th Street/St Marks Place connecting the East and West. The district also includes University Place and part of Broadway, Astor Place and 6th Avenue from West 4th to West 13th Street.",Central Village,1993,"The Village Alliance BID connects the east and west ends of one of the most renowned neighborhoods in the US.  At the sidewalk level, it is a Mecca for tourists who view the Village as a haven for cool, off-beat fashions, nightlife, and culture. One glance upward above the many boutique-type shops, the original residential character and architectural style of a bygone era becomes visible. There are a number of historically significant buildings such as the New York Studio School of Drawing, Painting and Sculpture,  the original home of the Whitney Museum, the Cooper Union for the Advancement of Science and Art where Abraham Lincoln delivered his famous 'right makes might' speech, and The Jefferson Market Library, originally built as a courthouse in 1876, are part of the historic culture of the Village.",63,397
58,"$205,000.00",Bayside Village,213-33 39th Avenue,Suite 310,Bayside,NY,11361,Queens,7184232434,7184231464,www.baysidevillagebid.com,info@baysidevillagebid.com,Bell Boulevard from Northern Boulevard to 35th Avenue; 41st Avenue from 214th Place to 213th Street,Bayside,October 2007,"Bayside Village is a quiet, waterfront community located within the New York City limits in the most Northeastern part of Queens. Bell Boulevard offers a diverse selection of pubs, restaurants, clothing stores and a variety of other retailers. Aside from the thriving downtown along Bell, Bayside offers parks, marinas, fishing, biking and a host of other options for recreation.",19,207
26,"$275,000.00",Woodhaven,84-01 Jamaica Avenue,,Woodhaven,NY,11421,Queens,7188050202,7188052929,www.woodhavenbid.com,gwdcbid@hotmail.com,Jamaica Avenue from 100th Street to Elderts Lane,Woodhaven,July 1993,"The 25 block Woodhaven BID is home to some 350 'Mom & Pop' stores that specialize in small town-like personalized service and is known as a great place for family shopping.  The BID, since its inception, has fostered programs to enhance the retail and commercial development of Jamaica Avenue.",,
32,"$15,900,000.00",Alliance for Downtown New York,120 Broadway,Suite 3340,New York,NY,10271,Manhattan,2125666700,2125666707,www.DowntownNY.com,contactus@downtownNY.com,"Area generally bounded by South Street to the southeast, Murray Street and Fulton Street to the north and West Street to the west",Downtown Manhattan,January 1995,"Downtown has long been the heart of the nations financial industry, and the home of Wall Street. In recent years, however, Downtown has also emerged as an around-the-clock community for working, living and entertaining - an elegant residential neighborhood, neighborhood, a home to world-class retail, restaurants, and cultural institutions, and the home of the River To River Festival offering free music, dance and visual arts events. Come join The Downtown Alliance and see a wonderful place to live, work and play.",450,1062
10,"$220,000.00",Brighton Beach,1002 Brighton Beach Avenue,,Brooklyn,NY,11235,Brooklyn,7189340067,7189340115,www.bidbrightonbeach.com,ymakhnin@aol.com,Brighton Beach Avenue from Ocean Parkway to Brighton 15th Street,Brighton Beach,January 1987,"With visitors from as far away as France, Germany and of course Russia, Brighton Beach Avenue is the center of Russian food, entertainment, and culture in New York City.  Imported European gift items are featured in the colorful shops.   Eclectic night clubs featuring Las Vegas-type entertainment  add to the unique festiveness  of the area.    'Little Odessa,' as the area is fondly called, is a walk-on-the-Boardwalk from the NY Aquarium and the Coney Island amusement park.",15,310
4,"$2,400,000.00",Union Square Partnership,4 Irving Place,Room 751,New York,NY,10003,Manhattan,2124601200,2124208670,www.unionsquarenyc.org,info@unionsquarenyc.org,14th Street from 1st Avenue to 6th Avenue; Union Square Park,Union Square,July 1984,"Union Square is a thriving hub of culture, business, education and health care. Throughout the city and beyond, the district is known as 'New York's Best Tasting Neighborhood,' and is celebrated for the Greenmarket, innovative off-Broadway theaters, destination retailers, small creative businesses and excellent universities and hospitals, all located near one of the city's most popular parks.",32,258
8,"$1,600,000.00",Bryant Park Corporation,1065 Avenue of the Americas,Suite 2400,New York,NY,10018,Manhattan,2127684242,2127193499,www.bryantpark.org,bprc@urbanmgt.com,"Area generally bounded by Fifth Avenue to the east, Sixth Avenue to the west 40th Street to the south and 42nd Street to the north",Midtown,July 1986,"The lawn is lush and green and the flowers change seasonally but Bryant Park is more than a garden. When you first discover it, nestled in its canyon of skyscrapers, its like an oasisa refuge of peace and calm. But Bryant Park is a city park, full of historical monuments and urban amenities. The park is a social place where friends meet, eat lunch, chat, stroll, listen to music, work on the wireless network, or simply sit and think. Winter, Summer, Spring and Fall, New Yorkers love this park.",14,61
28,"$225,000.00",Pitkin Avenue,1572  Pitkin Avenue,,Brooklyn,NY,11212,Brooklyn,7184831459,7183854860,www.pitkinbid.org,execdirector@pitkinbid.org,Pitkin Avenue from Howard Avenue to Mother Gaston Boulevard; Rockaway Avenue from Glenmore Avenue to Belmont Avenue,Brownsville,October 1993,"The Pitkin Avenue BID is comprised of 10 blocks between Howard Avenue and Mother Gaston Blvd extending along Rockaway Blvd between Glenmore and Belmont Avenues.  Though there are mainly mom and pop stores on the Avenue,  there has been an  increase of national chain stores, the latest being Radio Shack & T-Mobile.  Pitkin Avenue is home to almost 30 different businesses including  furniture stores, clothing stores,  ethnic eateries, music outlets, nail and hair salons, electronics, tax & mortgage services, gift/variety stores, and more.",32,180
47,"$507,676.00",Myrtle Avenue Brooklyn Partnership,472 Myrtle Avenue,2nd Floor,Brooklyn,NY,11205,Brooklyn,7182301689,7182303674,www.myrtleavenue.org,info@myrtleavenue.org,Myrtle Avenue from Flatbush Avenue Extension to Classon Avenue,Fort Greene / Clinton Hill,April 2005,"The Myrtle Avenue Brooklyn Partnership oversees the economic revitalization of Myrtle Avenue in Fort Greene and Clinton Hill, Brooklyn.  The Partnership is comprised of two entities, the Myrtle Avenue Revitalization Project Local Development Corporation (MARP) and the Myrtle Avenue Brooklyn Business Improvement District (BID).  MARP and the BID work together to assist small businesses located along the avenue, enhance and promote the avenue as a retail destination, thereby improving the quality of life of the surrounding neighborhoods.  Myrtle Avenue is home to over 150 locally-owned businesses and one of the primary commercial strips in Fort Greene and Clinton Hill, serving such neighboring institutions as Pratt Institute, St. Joseph's College, and the Brooklyn Navy Yard.",40,150
13,"$137,638.00",Graham Avenue,80 Graham Avenue,2A,Brooklyn,NY,11206,Brooklyn,7183876643,7183874955,www.grahamavenuebid.org,grahambid@verizon.net,Graham Avenue from Broadway to Boerum Street; Moore Street from  Graham Avenue to Humboldt Street; Cook Street from Graham Avenue to Manhattan Avenue; Broadway from  Manhattan Avenue to Flushing Avenue,Williamsburg,July 1987,"Graham Avenue is the largest shopping district in Williamsburg, offering more than 180 affordable and diverse retail mom-pop stores and a number of major retail chains. The district provides great shopping and jobs for the community. The BID works closely with the Moore Street Market, a city owned open food market specializing in Latina products as well as other ethnic items.",26,180
46,"$252,000.00",Sutphin Boulevard,89-00 Sutphin Boulevard,Suite 305,Jamaica,NY,11432,Queens,7182912110,7182912109,www.sutphinblvdbid.org,sutphinblvdbid@verizon.net,Sutphin Boulevard from 94th Avenue to Hillside Avenue,Downtown Jamaica,July 2004,"The Sutphin Boulevard Business Improvement District (BID) runs along Sutphin Boulevard from Hillside Avenue to 94th Avenue.  The BID serves as a catalyst for economic revitalization along Sutphin Boulevard and was established to make the area clean and safe.  The BID provides supplemental services as well as promotion for the area, advocacy for the interests of the local businesses, information to boost economic development, and to enhance neighborhood quality of life for local businesses and residents.  Sutphin Boulevard is an important gateway not only to Jamaica, but to all of Queens.  The commercial corridor is home to several prominent public institutions which include the Civil and Supreme Courts for Queens County, the Long Island Rail Road headquarters and rail hub, and most recently, the Air Train Terminal at Jamaica Station, as well as  fifty-two (52) privately owned properties, largely comprised of retail businesses.",12,134
44,"$2,200,000.00",East Midtown Partnership,875 Third Avenue,Mezzanine,New York,NY,10022,Manhattan,2128130030,2128130034,www.eastmidtown.org,info@eastmidtown.org,Madison Avenue from 53rd Street to 57th Street; Park Avenue from 54th Street to 61st Street; Lexington Avenue from 49th Street to 63rd Street; Third Avenue from 49th Street to 63rd Street; Second Avenue from 56th Street to 61st Street and commercial areas on cross streets between these Avenues,East Midtown,January 2002,"East Midtown is home to the Decorative Arts District, one of the world's largest concentrations of home design and decor showrooms, offering consumers and design professionals a wide array of fine furnishings and accessories.  Retail activity in the district is anchored by  flagship department store Bloomingdale's and a number of other prominent retailers and exclusive specialty stores. Home to Bloomberg LP, among other commercial tenants, the East Midtown area has become known as one of the hottest areas for retail activity and commercial development in Manhattan.",132,818
63,"$2,500,000.00",Hudson Square Connection,180 Varick Street,Suite 422,New York,NY,10014,Manhattan,2124639160,2124639165,www.hudsonsquarebid.org,info@hudsonsquarebid.org,"Generally, West Houston Street to the north, Avenue of the Americas to the east, Canal Street to the south, and Greenwich Street to the west",Hudson Square,February 2009,"Building on the neighborhoods rich past as New York Citys printing district, Hudson Square has emerged as a major creative hub, home to over 30,000 people working in advertising, design, media, communications and other cutting edge businesses. Large, open, sunlit spaces in converted printing buildings lend themselves to open floor plans and creative collaborations. On July 1, 2009, the Hudson Square Business Improvement District, doing business as the Hudson Square Connection, opened its doors for business.",75,90
49,"$670,000.00",Fordham Road,"2488 Grand Concourse, Room 413",,Bronx,NY,10458,Bronx,7185622104,7185626225,www.fordhamroadbid.org,walonso@fordhamroadbid.org,Fordham Road from Jerome Avenue to Third Avenue; various adjacent lots,Fordham,December 2004,"Fordham Roads successful mixture of small independent shops and national and regional chain stores has kept it as the largest and most prominent shopping district in the Bronx. The district is also home to Fordham University.  Well-known New York City cultural landmarks, including the Bronx Zoo and the New York Botanical Gardens, are located less than a mile to the east of the district.  The commercial corridor of 300 businesses attracts tens of thousands of shoppers daily to the busiest commercial district in  the Bronx.",35,300
53,"$2,200,000.00",Flatiron/23rd Street Partnership,"27 West 24th Street, Suite 800B",,New York,NY,10010,Manhattan,2127412323,2127412324,www.flatironbid.org,jbrown@flatironbid.org,"Area generally bounded by Sixth Avenue on the west, Lexington Avenue on the east, 28th Street on the north and 21st Street on the south",Flatiron District,January 2006,"The Flatiron District is as diverse as New York City itself.  It includes some of the city's most popular restaurants in all price ranges and cuisines, a dynamic retail environment, superb educational institutions and historic architectural attractions.  A central focus of the area is the historic buildings (Flatiron, Met Life and New York Life) that surround the restored Madison Square Park. The BID contains almost 5,000 businesses and over 600 retail stores. Several national chains and unique shops line the streets of the BID.",103,409
5,"$142,500.00",East Brooklyn,80 Jamaica Avenue,3rd Floor,Brooklyn,NY,11207,Brooklyn,7183856700,7183857505,www.eastbrooklynbid.org,bill@eastbrooklynbid.org,"Area generally bounded by Sutter Avenue to the south, East New York Avenue and Atlantic Avenue to the north, Powell Street to the west and Sheffield Avenue to the east",East New York,July 1985,The East Brooklyn BID is situated within the East Brooklyn Industrial  Park in the East New York section of Brooklyn.  The BID offers companies some of the most affordably priced industrial real estate in the New York metropolitan area. Industry continues to thrive in East New York.  Local companies are key employers to residents in the community.,78,25
23,"$12,638,972.00",Times Square Alliance,1560 Broadway,Suite 800,New York,NY,10036,Manhattan,2127681560,2127681560,www.timessquarenyc.org,info@timessquarealliance.org,"Area generally bounded by Avenue of the Americas to the east, 8th Avenue to the west, 53rd Street to the north and West 41st Street to south",Midtown,January 1992,From Walt Disney to Morgan Stanley and the New York Times to Caroline's; Times Square is truly the Crossroads of the World. Be a part of  the world famous New Years Eve celebration and Broadway On Broadway or just stop by one of our more than 600 stores to pick up a part of New York right in the center of Manhattan.,123,698
25,"$3,207,000.00",Fifth Avenue,65 West 55th Street,Suite 4H,New York,NY,10019,Manhattan,2122466256,2122466259,www.fifthavenuebid.com,tacusick@aol.com,Fifth Avenue from 46th Street to 61st Street; 57th Street from Madison Avenue to Avenue of the Americas,Midtown,July 1993,"Fifth Avenue a brand unto itself is the 'world-renowned' street that maintains a reputation for high quality  establishments. Home to Cartier, Tiffany, Saks, the Pierre, the Plaza, the St. Regis and St Patrick's Cathedral. This world class shopping destination, encompassing Fifth Avenue,  from 46th Street to 61st Street, and the adjacent 57th Street, from Madison Avenue to Avenue of the Americas, is situated at the foot of Central Park.",38,166
60,"$300,000.00",Park Slope 5th Avenue,343 5th Street,c/o Ground Floor Gallery,Brooklyn,NY,11215,Brooklyn,7185515545,,www.parkslopefifthavenuebid.com,info@parkslopefifthavenueBID.com,5th Avenue from 18th Street to Dean Street,Park Slope,June 2008,"The Park Slope Fifth Avenue BID serves approximately 900 businesses including restaurants, furniture stores, clothing shops, hair salons, spas, mom and pop retails and other retail outlets within the boundaries of 5th Avenue from Dean Street to 18th Street.",62,490
41,"$398,800.00",Columbus Avenue,"180 W. 80th St., Suite 210",,New York,NY,10024,Manhattan,2127215048,2127214070,www.columbusavenuebid.org,info@columbusavenuebid.org,Columbus Avenue from 67th Street to 82nd Street; all properties within 50 feet of either side of Columbus Avenue,Upper West Side,January 2000,"The Columbus Avenue Business Improvement District (BID) is a thriving retail community in the heart of New York City's Upper West Side, wholly contained within the Central Park West Historic District. The district includes the American Museum of Natural History, The Rose Center for Earth and Space, and is just steps from the New-York Historical Society.  The fifteen block district runs along Columbus Avenue, dipping into side streets where there is commercial development. Its southern border is at West 67th Street, just a block from Lincoln Center, and the northern boundary is currently on the south side of West 82nd Street.",30,185
57,"$360,000.00",Sunnyside Shines,P.O. Box 4477,45-56 43rd Street,Sunnyside,NY,11104,Queens,7186061800,7182285554,www.sunnysideshines.org,director@sunnysideshines.org,Queens Boulevard from 38th Street to 48th Street; Greenpoint Avenue from 43rd Street to 48th Street; Roosevelt Avenue from 48th Street to 50th Street,Sunnyside,September 2007,"A dynamic community in Northwestern Queens,  the business district is lined with 300  restaurants, small shops and professional offices.  Known as a center for the Irish, the area now attracts Turkish, Asian and Latino residents as well.  Its a major stop on the #7 Line and is a short hop to Manhattan.",36,250
40,"$210,000.00",Montague Street,129 Montague Street,,Brooklyn,NY,11201,Brooklyn,7185223649,7185223652,www.montaguebid.com,info@montaguebid.com,Montague Street from Court Street to Hicks Street,Brooklyn Heights,January 1998,"The Montague Street is the main retail shopping and dining area in historic Brooklyn Heights and home   to an upscale mix of local boutiques, New York-based chains, and national retailers, including Design Within Reach, M·A·C, Banana Republic, Aerosoles, Ann Taylor Loft, Nine West, and Starbucks. An architecturally unique residential area with small town charm, Brooklyn Heights was the first neighborhood in New York City to be designated a Historic District. Over the years, Walt Whitman, Henry Ward Beecher, Henry Miller, Truman Capote, and Norman Mailer have all called the Heights home.",6.25,106
45,"$380,000.00",Downtown Flushing Transit Hub,135-20 39th Avenue,6th Floor,Flushing,NY,11354,Queens,7188881805,7188881248,www.flushingBID.com,flushingbid@gmail.com,Main Street from Northern Boulevard to Sanford Avenue; Roosevelt Avenue from Union Street to Prince Street; 40th Road from Main Street  to Prince Street; 39th Avenue from Main Street to College Point Boulevard; Kissena Boulevard from Main Street to Sanford Avenue,Downtown Flushing,September 2003,"The combination of a rich history, bustling transit hub and vibrant commercial district sets downtown Flushing apart from other neighborhoods and makes our district a destination of choice for anyone. Flushing encompasses one of NYC's strongest concentration of economic activity outside of Manhattan. A regional entertainment and recreational destination and a significant retail node; Flushing is the largest urban center in Queens. The neighborhood is home to immigrants from all over the world but has a strong concentration of East Asians, particularly Chinese and Koreans.",30,500
17,"$507,676.00",Myrtle Avenue (Queens),c/o Ridgewood LDC,62-14 Myrtle Avenue,Glendale,NY,11385,Queens,7183663806,7183817080,www.Ridgewood-NY.com,myrtleBID@gmail.com,Myrtle Avenue from Wyckoff Avenue to Fresh Pond Road and contiguous side streets including triangle parks,Ridgewood,July 1988,"Myrtle Avenue, a major thoroughfare, which crosses Queens and Brooklyn, is the retail commercial center of Greater Ridgewood.  The market area includes the neighborhoods of Ridgewood, Glendale, Middle Village, and Maspeth in Queens and Ridgewood/Bushwick  in Brooklyn and serves approximately 250,000 shoppers. The over 300 retail and service establishments occupy the ground floors of the three-story brick buildings in an area that has been designated as one of the largest Federal and State Historic Districts in the United States. Some areas also have New York City Landmarks designation. Original architectural features representing Romanesque and Renaissance Revival styles abound. Tree lined streets shelter rows of well maintained brick homes and brownstone elements and apartment buildings.",32,342
42,"$290,000.00",86th Street Bay Ridge,9201 Fourth Avenue,7th Floor,Brooklyn,NY,11209,Brooklyn,7186802420,7189214526,www.86bid.org,pcondren@86bid.org,86th Street from Fort Hamilton Parkway to 4th Avenue; 87th Street from 4th Avenue to 5th Avenue; 5th Avenue from 85th Street to 88th Street; 5th Avenue from 85th Street to 87th Street,Bay Ridge,October 2001,"The 86th Street Bay Ridge Business Improvement District operates in the busiest shopping thoroughfare in southern Brooklyn.  Shoppers come from far and wide. The BID is within the prestigious neighborhood of Bay Ridge bounded by Fort Hamilton, Dyker Heights, and Sunset Park.  Anchored by the Century 21 Department Store, the BID has 132 properties containing over 200 businesses with many national and regional chain stores.",16,215
71,"$185,000.00",South Shore,3929 Amboy Road,,Staten Island,NY,10308,Staten Island,7184905023,7185215556,wwww.southshoreBID.org,anthony@southshoreBID.org,Commercial corridor of,"Annadale, Great Kills, Eltingville",2015,,65,380
67,"$320,000.00",Westchester Square,25 Westchester Square,2nd Floor,Bronx,NY,10461,Bronx,718 597-4629,,www.wsbid.org,lisasorin@wsbid.org,"Properties on both sides of East Tremont Avenue from Montgomery Place to the corner of Westchester Avenue and Seabury Avenue, and Williamsbridge Road from Westchester Avenue to Eastchester Road, and including properties in the triangular blocks in the middle of the District along East Tremont Avenue and Williamsburg Road.",Westchester Square,2012,"The Westchester Square Business Improvement District  - the Gateway To The Northeast Bronx  isnt just another BID in a busy shopping district.  Its the ribbon that will tie together the economic expansion of a region that is growing by leaps and bounds with billions of dollars in investment.  Located directly adjacent to the bustling Hutchinson-Metro Center office complex, the area is also home to many thriving local businesses as well as several large institutional anchors.",19,150
29,"$1,005,793.00",125th Street,360 West 125th Street,Suite 11,New York,NY,10027,Manhattan,2126628999,2126785136,www.125thstreet.nyc,bid125thst@aol.com,125th Street from Fifth Avenue to Morningside Avenue,Harlem,January 1994,"125th Street is a high traffic shopping area offering a wide variety of services and retail businesses. Its history includes cultural giants such as Duke Ellington, Bill 'Bojangles' Robinson, Ella Fitzgerald, Billie Holiday, Joe Louis, Jackie Robinson and others. The District boasts such constituents as the Studio Museum in Harlem, the National Black Theater, the Apollo Theater, Harlem USA, and the Adam Clayton Powell State Office Building. 125th Street is experiencing a second renaissance.  Large and small businesses and people of all colors are sharing in its success.  There is an array of  trendy restaurants, bookstores, apparel, banks, schools and churches.",22,197
35,"$75,000.00",180th Street,90-50 Parsons Boulevard,Suite 209,Jamaica,NY,11432,Queens,7182985489,7186587922,www.180thstreetbid.com,mall165@hotmail.com,180th Street from Liberty Avenue to Brinkerhoff Avenue (110th Avenue),Jamaica,July 1996,"180th Street is an industrial BID,  focused on the marketing of tax benefits and incentives for which businesses operating or moving into the area are eligible. Some of these benefits include the Empire Zone Benefits which are comprised of wage tax credits, investment tax credits, employment incentive credits, and Zone capital credits. The BID holds seminars educating the businesses about these programs. In addition, the BID works with the Queens Borough President's Office and the Greater Jamaica Development Corporation in placing businesses in the District and marketing vacancies.",26,27
15,"$12,709,372.00",Grand Central Partnership,The Chanin Building,"122 East 42nd Street, Suite 601",New York,NY,10168,Manhattan,2128832420,2126614384,www.grandcentralpartnership.nyc,info@gcpbid.org,"Area generally bounded by 35th Street to the south, 54th Street to the north, 2nd Avenue to the east and 5th Avenue to the west",Midtown,July 1988,"Under the guidance of the Grand Central Partnership, an extraordinary urban makeover has been accomplished in the Grand Central neighborhood. A reborn neighborhood aesthetic and cleaner, safer streets have spurred private investment and driven pedestrian traffic to the area. Today, the Grand Central neighborhood is among the City's most vibrant hubs - a bustling center of commercial activity by day, a destination for fun by night.",242,826
12,"$350,000.00",Columbus - Amsterdam,991 Amsterdam Avenue,,New York,NY,10025,Manhattan,2126669774,2122807730,www.columbusamsterdambid.org,info@columbusamsterdambid.org,Columbus Avenue and Amsterdam Avenue between West 96th and West 110th Streets,Manhattan Valley,July 1987,"The Columbus-Amsterdam BID is a historic 100 year old immigrant, working family neighborhood of churches, institutions, and low rise apartments and buildings with small retail shops and a variety of tasty restaurants. Part of Bloomingdale Village dating back to the Dutch presence, this area is bounded by three major Olmsted designed parks; it is also home to well-designed and maintained playgrounds and community gardens, made good use of by the substantial youth and elderly populations. Capitalizing on this 'green' presence, the BID's involvement in tree planting and care has transformed the pedestrians' experience of the Avenues (Columbus and Amsterdam) and softened the impact of the two major commercial roadways through the neighborhood. Though subject to strong gentrification pressures and in transition, the area's diverse population includes elderly Irish and Puerto Ricans, a strong Dominican population, and a newer Mexican and South and Central American presence - an ethnic mix en",44,188
55,"$427,000.00",Bay Ridge 5th Avenue,480B 80 Street,,Brooklyn,NY,11209,Brooklyn,7182388181,7189213020,www.bayridgebid.com,azenteno@bayridgebid.com,5th Avenue from 65th Street to 85th Street,Bay Ridge,June 2006,"The constant bustling of people seeking that certain special gift, searching for nutritional food values, craving a certain cuisine, or looking for house wares, Fifth Avenue meets the criteria . . . and then some! The 20 block area is a vibrant retail strip made up of a broad mix of stores including food, apparel, professional services and banking establishments.",40,330
16,"$450,927.00",HUB/3rd Avenue,384 East 149th Street,Room 400,Bronx,NY,10455,Bronx,7186653983,7184011901,www.shopthehub.com,mbrady@thirdavenuebid.org,Third Avenue from East 148th Street to East 153rd Street; Elton Avenue from Third Avenue to 153rd Street; Willis Avenue from Third Avenue to 148th Street; 149th Street from Third Avenue to Bergen Avenue,South Bronx,July 1988,"The HUB shopping District is a vibrant and eclectic district which is home to more than 343 businesses including furniture, electronics,  printing, medical, real estate, and clothing establishments.  Major retailers include Auto Zone, Conway's, Jennifer Convertibles, Modells, and the Furniture King Department stores.  Banks in the 'HUB ' district include Banco Popular, Emigrant Savings, JP Morgan Chase, Citibank, Fleet Boston, and New York National Bank. The HUB fulfills all of your shopping needs in the heart of the Bronx.",18,113
24,"$746,748.00",Lower East Side,54 Orchard Street,,New York,NY,10002,Manhattan,2122269010,2122268161,www.lowereastside.org,tlaughlin@lowereastsideny.com,"Orchard Street and east side of Allen Street from Canal to Houston Street; Delancey Street from Allen Street to Norfolk Street; Essex Street from Rivington Street to Delancey Street; Grand Street from Forsyth Street to Ludlow Street; Houston Street, Stanton Street, Rivington Street and Hester Street from Allen Street to Ludlow Street",Lower East Side,January 1993,"Established in 1993, the Lower East Side Business Improvement District (LESBID) is a nonprofit economic development organization created to revitalize the Orchard Street Shopping District while preserving its unique and diverse character. The LESBID is a community of over 450 merchants and property owners managed by a Board of Directors and consisting of local merchants, property owners, residents and elected officials. The LESBID promotes local businesses, hosts events and provides community beautification services. The Lower East Side District Management Association, Inc. manages the Lower East Side Business Improvement District (LESBID) serving selected parts of the Lower East Side below Houston Street and above Canal Street.",72,413
66,"$1,300,000.00",Chinatown Partnership,217 Park Row,"2/Floor, Suite #9",New York,NY,10038,Manhattan,2123469288,2123460698,www.chinatownpartnership.org,wellington@chinatownpartnership.org,"Generally, the BID district includes properties in an area bounded by Broome Street to the north, Broadway to the west, Allen Street to the east, and Worth and Madison Streets to the south.",Chinatown,2012,"Manhattan's Chinatown is one of the New York City's oldest neighborhoods and one of the largest Chinatown in the United States. Chinatown is both a tourist attraction and the home of a great number of Chinese people. Chinatown offers visitors and residents alike hundreds of restaurants, jewelry stores, fruit and fish markets, shops of knickknacks and souvenirs on overcrowed streets. The BID district contains over 6,000 businesses including 746 retailers.",244,746
68,"$550,000.00",SoHo Broadway,594 Broadway,Suite 312,New York,NY,10012,Manhattan,2123901131,,www.sohobid.org,info@sohobid.org,"Broadway, from Houston Street to Canal Street",SoHo,2013,"The District, located within the SoHo neighborhood, generally contains five- to twelve-story loft buildings, many with upper floor commercial uses ranging from small service-oriented firms to art galleries to large companies. Many loft buildings have upper floors that were converted to Joint-Live-Work-Quarters-for-Artists, while new developments have introduced residential condominium units to the District.  Ground floor retail establishments occupy most of the Districts properties and consist of prominent national and internation retail establishments. The SoHo Bid still maintains the essence of its early industrial history, and its reputation as a creative center, even as it continues to evolve into one of the Citys most attractive and popular residential neighborhoods and shopping destinations, as well as attracting a wide range of creative professionals seeking office space in commercial loft buildings.",12,130
9,"$517,422.00",Washington Heights,560 West 181st Street,2nd Floor,New York,NY,10033,Manhattan,2129283400,2129283646,www.whbid181.org,aramirezwhbid@gmail.com,West 181st Street from Fort Washington Avenue to Amsterdam Avenue; Broadway from 182nd Street to 179th Street and St. Nicholas Avenue from 179th Street to 183rd Street,Washington Heights,July 1986,"Washington Heights - Pride of the Heights' is a diverse blend of business, community and architecture.  Located in upper Manhattan, it was the best kept secret in New York until recently.  181st Street is filled with retail shops selling a vast array of  products and services. It is a very heavily populated area comprised of varied cultures and ethnicities, which add to the appeal of the neighborhood. The 178th Street entrance to the George Washington Bridge makes  Washington Heights the hub of commercial activity in northern Manhattan. Businesses in the area include financial services, apparel stores for men, women and children, retail gift shops, pharmacies, electronics, auto supplies, and much, much more.",27,245
2,"$230,000.00",165th Street Mall,90-50 Parsons Boulevard,Suite 209,Jamaica,NY,11432,Queens,7182985489,7186587922,www.165thstreetmall.com,mall165@hotmail.com,165th Street from 89th Avenue to Jamaica Avenue,Downtown Jamaica,July 1978,"Located in the heart of Downtown Jamaica, the pedestrian mall draws customers from the bus terminal and the many public facilities in the immediate area.  The district also attracts local residents, as well as those who work in the area.  The mall consists of small to medium-sized discount retail stores selling merchandise ranging from clothing to furniture.  The Coliseum, a popular flea market operation specializing in jewelry, is the largest retailer in the district.",8,168
52,"$835,000.00",DUMBO Improvement District,20 Jay Street,Suite 510,Brooklyn,NY,11201,Brooklyn,7182378700,7182377797,www.dumbo.is,alexandria@dumbonyc.org,"Area generally bounded by the Brooklyn East River waterfront to the north, Gold Street to the east, York Street to the south and Old Fulton Street to the west",DUMBO,December 2005,"DUMBO is today a creative capital for commerce and culture and an ever-increasing residential neighborhood. Its thousands of commercial tenants, residents, artists and retailers  and millions of local, national and international tourists -- marvel at its stunning views of Manhattan, beautiful parkland, historic Belgian block streets, intriguing open spaces and creative reuse of architecturally significant warehouse buildings.",98,98
61,"$440,000.00",Belmont,"P.O. Box 580-203, Mt. Carmel Station 10458",,Bronx,NY,10458,Bronx,9149802752,,www.bronxlittleitaly.com,PMarino@bronxlittleitaly.com,"East Fordham Road to the north, Lorillard Place to the west, East 183rd Street to the south and Southern Boulevard to the east",Belmont,December 2008,"The district is located in the area generally known as Little Italy in the Bronx. The BID extends from East Fordham Road to East 183rd Street along Arthur Avenue and also includes East Fordham Rd. and E. 187th Street from Lorillard Place to Southern Boulevard.  The district is comprised of more than 260 properties, most of which are mixed-use buildings consisting of commercial use on the ground floor and residential units above.",74,320
72,"$1,700,000.00",Meatpacking District,32 Gansevoort St.,5th Floor,New York,NY,10014,Manhattan,2126330185,,www.meatpacking-district.com,hello@meatpacking-district.com,"17th Street to the north, Horatio Street to the south; 8th Avenue to the East, and 10th/11th Street to the West.",Meatpacking District,2015,,93,0
69,"$1,300,000.00",Hudson Yards/Hell's Kitchen Alliance,225 West 34th Street,Suite 1402,New York,NY,10036,Manhattan,2122391619,,www.hudsonyardshellskitchenalliance.org,rjbenfatto@hyhkalliance.org,"Area broadly bounded by West 42nd Street to the north, 11th Avenue to the west, West 30th",,,,,
43,"$329,000.00",Kingsbridge,3109 Kingsbridge Avenue,,Bronx,NY,10463,Bronx,7184326935,7184326937,www.kingsbridgebid.nyc,kingsbridgebid@gmail.com,Broadway from West 230th Street to West 236th Street; West 231st Street from the Major Deegan Expressway to Corlear Avenue,Kingsbridge,October 2001,"Kingsbridge is the second oldest commercial center in the northwest Bronx, serving not only the local residential neighborhoods surrounding it -- Kingsbridge, Kingsbridge Heights, Marble Hill, Riverdale, and Fieldston -- but the larger northwest Bronx and lower Westchester County as well. There are approximately 200 businesses in the Kingsbridge BID ranging from retail stores, personal and professional services, and restaurants. With a mix of locally owned and national chains Kingsbridge is an ideal area to visit for all of your shopping needs.",26,183
65,"$315,000.00",Atlantic Avenue,338 Atlantic Avenue,Suite 203,Brooklyn,NY,11201,Brooklyn,7187344219,,www.atlanticavebid.org,snordmann@atlanticavebid.org,Atlantic Avenue generally bounded by the Brooklyn-Queens Expressway to west and 4th Avenue to east,"Brooklyn Heights, Boerum Hill, Cobble Hill",2011,"Representing over 300 businesses in Brooklyn's vibrant Brooklyn Heights, Boerum Hill, and Cobble Hill neighborhoods, the Atlantic Avenue Business Improvement District is dedicated to promoting the Avenue's long-term economic development thereby creating a thriving boulevard that attracts both residents and visitors to its vast array of services, shops, dining, while preserving the Avenue's rich history and diverse character.",55,400
34,"$1,757,000.00",Madison Avenue,59 East 79th Street,Lower Level,New York,NY,10021,Manhattan,2128612055,2128617838,www.madisonavenuebid.org,information@madisonavenuebid.org,Madison Avenue from 57th Street to 86th Street,Upper East Side,April 1996,"Madison Avenue, on the Upper East Side of Manhattan, is one of the world's premier luxury districts.  Madison Avenue features the flagship boutiques of the finest European, Asian and American designers, over one hundred world class art galleries, exquisite four star restaurants, dozens of spas and salons for exclusive pampering, six internationally renowned hotels, and the Whitney Museum of American Art.  Madison Avenue exhibits timeless elegance with a contemporary flavor that is distinctively New York. This boulevard of understated charm is sure to entice your senses with indulgences from all corners of the globe.",164,605
6,"$226,460.00",Grand Street,246 Graham Avenue,,Brooklyn,NY,11206-1204,Brooklyn,7182188836,7182188834,www.grandstreetbk.org,info@grandstreetbk.org,Grand Street from Bushwick Avenue to Union Avenue,East Williamsburg,July 1985,"East Williamsburg is a culturally mixed community, comprised of many ethnic backgrounds such as Latinos, African-Americans, Italians, Polish, and Asians and a growing hipster community and Grand Street takes care of them all.  The six block corridor  between Union and Bushwick Avenues is surrounded by over 35,000 residents and the East Williamsburg Industrial Park.  All are invited to discover Williamsburgs Renaissance on Grand Street with up and coming trendy restaurants, stylish lounges with live music, clothing stores, multi-service agencies, and over 170 merchants.",12,180
70,"$110,420.00",West Shore,"900 South Avenue, Suite 402",c/o SIEDC,Staten Island,NY,10304,Staten Island,718-477-1400 x812,,www.westshorebid.org,steven@siedc.org,"Properties broadly bounded by Bloomfield Avenue to the north, Arthur Kill to the West, Meredith Woods to the south, and West Shore Expressway to the east.",Bloomfield and Chelsea,2014,"The West Shore Business Improvement District (WS-IBID) will provide much needed services including infrastructure improvements, advocacy, marketing and general assistance to the area.  The ultimate goal of the WS-IBID is to transform the West Shore into a premier industrial corridor for Staten Island and the City.  There are approximately 47 commercial businesses, including 4 retail businesses, in the BID.",15,4
36,"$259,000.00",Jerome-Gun Hill,Mosholu Preservation Corporation,3400 Reservoir Oval East,Bronx,NY,10467,Bronx,7183244946,7183242917,www.jeromegunhillbid.org,jtausig@montefiore.org,East Gun Hill Road from Webster Avenue to Jerome Avenue; Jerome Avenue from Mosholu Parkway to East 212th Street,Northwest section of the Bronx,January 1997,"The Jerome-Gunhill BID is a thriving commercial district with heavy pedestrian traffic and busy stores, and is anchored by Montefiore Medical Center, a world-class teaching hospital and the Children's Hospital at Montefiore. The BID, which serves one of  the most ethnically diverse populations in the City, is home to over 200 businesses ranging from small mom and pop operations to 40 local and national chains. Within the BID a consumer can shop for groceries, apparel, house wares, and convenience items, do their banking, eat out or receive some of the world's best medical care.",24,223
54,"$200,000.00",Flatbush-Nostrand Junction,c/o Brooklyn College,"2900 Bedford Avenue,1407 Boylan Hall",Brooklyn,NY,11210,Brooklyn,7189515000,7182220781,www.flatbushjunctionbid.com,kmbonu@flatbushjunctionbid.com,"Area generally bounded by Flatbush Avenue  on the northeast, Campus Road on the south and Bedford Avenue and Kenelworth Place on west",Flatbush,May 2006,"The Flatbush-Nostrand Junction is one of Brooklyn's primary commercial areas outside of downtown. It is an important hub of education, commerce, transportation, and entertainment.  It is the primary shopping area for thousands of area residents, and an important subway/bus transfer point. The Junction area also serves thousands of Brooklyn College students, faculty, and staff.",25,185
14,"$314,520.00",Flatbush Avenue,Flatbush Avenue BID,"2244 Church Ave., 4th Floor",Brooklyn,NY,11226,Brooklyn,718-282-2500,7182826490,www.flatbushavebid.com,FlatbushAveBID1@gmail.com,Flatbush Avenue from Parkside Avenue to Cortelyou Road,Flatbush,July 1988,"Flatbush Avenue is one of Brooklyn's foremost shopping avenues offering customers a wide variety of retail and commercial outlets.   Shoppers by the thousands visit the BID area weekly. Customers to the Avenue have a variety of shops to choose from.  National chains, 'Mom & Pop' retailers, restaurants, and fast-food establishments offer something for everyone.  The BID is also the home to the Flatbush/Caton Cooperative Market which houses nearly 60 merchants many of whom are from Africa, the Caribbean, and Haiti.",22,250
11,"$188,500.00",Church Avenue,Church Avenue BID,"2244 Church Ave., 4th Floor",Brooklyn,NY,11226,Brooklyn,718-282-2500,7182828329,www.churchavenue.org,laurenc@churchavenue.org,Church Avenue from Flatbush Avenue to Coney Island Avenue,Flatbush,January 1987,"The Church Avenue Business Improvement District is thirteen blocks long and houses approximately 165 merchants. The area includes restaurants and beauty salons plus clothing and apparel stores.    Church Avenue's historic streets, which are bordered by Victorian mansions in Flatbush Brooklyn, is the main shopping district for local residents and visitors to the area.",12,165
50,"$800,000.00",Long Island City Partnership,One MetLife Plaza,"27-01 Queens Plaza North, 9th Floor",Long Island City,NY,11101,Queens,7187865300,7189371799,www.licpartnership.org,elusskin@licpartnership.org,Jackson Avenue from 51st Avenue to Queens Plaza; Queens Plaza from Jackson Avenue to 21st Street; Vernon Blvd from 51st Street to 44th Drive; 44th Drive to 10th Street to Jackson Avenue,Long Island City,July 2005,"The Gateway to Queens, Long Island City is the westernmost part of Queens, just a few minutes across the East River from midtown Manhattan. Its close proximity to midtown, and its ample transportation connections, has made it an increasingly attractive location for all types of businesses. The Queensboro Bridge splits the main street (Queens Plaza).  Bounded by Silvercup Studios on one side and the 50-story Citibank building on the other, the target area hosts an eclectic number of retail stores and service providers.",22,48
31,"$110,000.00",White Plains Road,2300 Olinvillle Ave,Apt. #20F,Bronx,NY,10467,Bronx,7188813086,7188813086,www.pelhamparkway.com,jatwhiteplainsroadbid@aol.com,White Plains Road from Pelham Parkway South to Brady Avenue,Pelham Parkway,October 1994,"Within walking distance of the Bronx Zoo, Botanical Gardens, Albert Einstein Collage of Medicine and Montefiore Medical Center the White Plains road BID is a 4 block commercial area in Pelham Parkway. The shopping district is home to a rich abundance of business establishments, including clothing and jewelry boutiques, restaurants, salons, florists and food shopsall with an emphasis on old-fashioned service. The broad variety of merchandise and really low prices attract customers from throughout the city and suburbs.",7,88
3,"$917,500.00",Jamaica Center,90-50 Parsons Blvd.,Suite 402,Jamaica,NY,11432,Queens,7185262422,7185260215,www.jamaicacenter.org,,Jamaica Avenue from 169th Street to Sutphin Boulevard; Union Hall Street from Jamaica Avenue to Archer Avenue,Downtown Jamaica,July 1979,"Jamaica Center, Queens embodies the rich and vibrant diversity of New York City. A dynamic, bustling business district, Jamaica Center attracts hundreds of thousands of residents, workers, students, and visitors every day. Jamaica is the lifeline of Queens. With burgeoning arts and cultural centers, a major transportation hub, a concentration of government offices, an abundance of educational institutions, and a thriving retail corridor-- Jamaica center is truly a full-service downtown. At its heart is Jamaica Avenue, Jamaica Center's core shopping district and home to a wide variety of arts and cultural organizations, historical sites, and stunning architecture. A destination for shoppers, Jamaica Avenue is one of New York's busiest shopping streets. With 30 stores, the district abounds with a mix of national retailers, regional chains and locally-owned, independent businesses offering a large variety of affordable apparel, housewares, furniture, jewelry and electronics. The Jamaica C",30,302
59,"$190,000.00",Southern Boulevard,1029 East 163rd Street,Suite 201,Bronx,NY,10459,Bronx,,3475842068,http://southernblvdbid.com/,marqpayne@gmail.com,Southern Boulevard from 163rd Street to 167th Street; Westchester Avenue from Fox Street to Hoe Avenue,Hunts Point,December 2007,"With over 100 stores and businesses to choose from the Southern Boulevard Business Improvement District is the perfect place to find anything from food to fashion, electronic appliances to easy-listening music. Easily accessible by public transportation or via our Online Shopping Mall, SOBOBID makes shopping fun and convenient.",10,150
37,"$540,000.00",NoHo NY,636 Broadway,Suite 708,New York,NY,10012,Manhattan,2126774579,2126773432,www.noho.bid,info@noho.bid,"Area generally bounded by Astor Place on the north, Lafayette Street on the east, Houston Street on the south and Mercer Street on the west",East Village,January 1997,"The NoHo neighborhood is one-of-a-kind. Nestled between the West and East Villages, SoHo and Union Square, it is the center of lower Manhattan. Its history, diversity, and vibrancy are attention-getting to anyone that comes to visit. The beauty of our architecture is a constant source of enjoyment for shoppers, business professionals and residents alike. Within its nineteen blocks are New York University, the Joseph Papp Public Theater, the National Audubon Society, and the Hebrew Union College. NoHo is also home to a diversity of businesses that cater to a variety of interests. With large international retailers, small boutiques, renowned restaurants, low-key cafes, off-Broadway theater and opera, NoHo really has something for everyone.",54,135
62,"$400,000.00",Fulton Area Business (FAB) Alliance,1047a Fulton Street,,Brooklyn,NY,11238,Brooklyn,7189283322,7187833061,www.faballiance.org,pkellogg@faballiance.org,"Fulton Street, from Rockwell Place to Classon Avenue",Fort Greene/Clinton Hill,December 2008,"The Brooklyn neighborhoods of Fort Greene Clinton Hill are home to tree-lined streets, community gardens, world-famous cultural institutions, parks, and a wonderfully diverse array of restaurants, shops, professional businesses, houses of worship and  what we value most  neighbors. Fulton Street runs through the heart of these two neighborhoods, providing approximately 200 businesses for area residents. All a brief stroll from home and easily accessible by multiple subway and bus lines. The Fulton Area Business (FAB) Alliance BID encompasses Fulton Street from Rockwell Place to Classon Avenue plus parts of Lafayette, Greene and Putnam Avenues.",37,207
7,"$150,000.00",North Flatbush,282 Flatbush Avenue,2nd Floor,Brooklyn,NY,11217,Brooklyn,7187831685,,www.northflatbushbid.nyc,info@northflatbushbid.nyc,Flatbush Avenue from Atlantic Avenue to Grand Army Plaza,Prospect Heights/Park Slope,January 1986,"The district is located in the heart of Brooklyn and is surrounded by history and some of Brooklyns oldest institutions such as the Brooklyn Academy of Music, the Brooklyn Museum and Williamsburg Savings Bank Tower.  Over 170 merchants call North Flatbush Avenue their home with a vibrant mix of national/regional chains together with many locally owned businesses.  With neighborhoods such as Park Slope to the west and Prospect Heights to the east, North Flatbush Avenue's fine mix of small to mid-size businesses is attractive to its residential neighbors.",24,157
64,"$675,000.00",Bed-Stuy Gateway,c/o Bedford Stuyvesant Restoration Corporation,1368 Fulton St,Brooklyn,NY,11216,Brooklyn,7186366905,7188575984,www.bedstuybid.org,medina@thebedstuybid.org,"Fulton Street, from Classon to Troy avenues and on Nostrand Avenue, from Halsey Street to Atlantic Avenue",Bedford Stuyvesant,March 2009,The Bed-Stuy Gateway BID covers a bustling business district centered on the Brooklyn intersection of Fulton Street and Nostrand Avenue - a multi-modal transit hub that experiences some of the borough's heaviest pedestrian traffic.,28,322
73,"$500,000.00",Greater JFK,,,,,,Queens,,,www.jfkibid.org,scott@gatewayjfk.org,"Rockaway Boulevard to the north, Nassau Expressway to the south, Federal Aviation Administration office building to the west",Springfield Gardens,2016,,,0
48,"$165,000.00",Forest Avenue,705 Forest Avenue,"2 Floor, Rear",Staten Island,NY,10310,Staten Island,7188164775,7188167234,www.forestavenuebid.com,lcauldwell@siboc.org,Forest Avenue from Hart Boulevard to Broadway,West Brighton,June 2005,"Located in the West Brighton section on Staten Island's North Shore, Forest Avenue is host to a wide variety of restaurants and neighborhood amenities which service this community.  101 businesses thrive in this mile-long stretch.  This is the first BID on Staten Island.",23,120
74,$0.00,New Dorp,900 South Avenue,Ste. 402,Staten Island,NY,10314,Staten Island,718-477-1400,,,niles@siedc.org,New Dorp Lane from Richmond Road to Hylan Boulevard; New Dorp Plaza from Steele Avenue and Jacques Avenue to Ross Avenue,"New Dorp Town, Mid-Island",April 2017,,,
27,"$8,800,000.00",Garment District Alliance,209 West 38th Street,2nd Floor,New York,NY,10018,Manhattan,2127649600,2127649697,www.garmentdistrictnyc.com,bblair@garmentdistrictnyc.com,"Area generally bounded by Fifth Avenue on the east, Ninth Avenue on the west, 41st Street on the north, and 35th Street on the south",Midtown,October 1993,"The Garment District, located in the heart of midtown Manhattan, is not only the world's capital for fashion, but it is also a creative capital, home to off-Broadway theatres, art galleries and the studios of hundreds of working artists. The centralized location of this authentic New York neighborhood attracts a diversity of businesses, from large corporate headquarters to entrepreneurial small businesses.  In fact, over 80,000 people work in the over 5,000 businesses located in the area.",95,500
75,$0.00,Morris Park,,,New York,NY,,Bronx,,,,morrisparkbid@gmail.com,Morris Park Avenue from Williamsbridge Road to Unionport Road,Morris Park,January 2018,,,0
56,"$907,000.00",Court-Livingston-Schermerhorn,c/o Downtown Brooklyn Partnership,"1 MetroTech Center North, Suite 1003",Brooklyn,NY,11201,Brooklyn,7184031600,7184031650,www.downtownbrooklyn.com/about/court-livingston-schermerhorn-bid,rmyer@downtownbrooklyn.com,"Area generally bounded by Court Street on the west, Flatbush Avenue on the east, Atlantic Avenue and Schermerhorn Street on the south,  Joralemon Street and Livingston Street on the north",Downtown Brooklyn,June 2007,"The area is a mixed-use neighborhood in the heart of Downtown Brooklyn, with about 200 properties, most are partially or wholly commercial with ground-floor retail use. There are approximately 30 national and regional retail-chain stores including Barnes & Nobel, Sleepy's, Quizo's, Kentucky Fried Chicken, McDonald's, United Artists Multiplex, American Apparel, and 99 cents Store. Several banks operate or have branches in the area including Chase, Banco Popular, and Community Capital.",68,194
1,"$2,004,500.00",Fulton Mall Improvement Association,c/o Downtown Brooklyn Partnership,"1 MetroTech Center North, Suite 1003",Brooklyn,NY,11201,Brooklyn,7184031600,7184031650,www.downtownbrooklyn.com/about/fulton-mall-improvement-association,rmyer@downtownbrooklyn.com,Fulton Street from Adams Street to Flatbush Avenue; DeKalb Avenue from Fulton Street to Flatbush Avenue,Downtown Brooklyn,June 1976,"Fulton Street Mall is considered one of the most successful shopping districts in the New York City metropolitan area, attracting 100,000 shoppers a day. Within this 17 block district are numerous retailers, including Macy's, Modell's, Conway, Cookie's, Jimmy Jazz and Zales, as well as independent shops like Heart & Sole and Mirage Boutique.",17,150
22,"$3,827,675.00",MetroTech,"1 MetroTech Center North, Suite 1003",,Brooklyn,NY,11201-3858,Brooklyn,7184031600,7184031650,www.downtownbrooklyn.com/about/metrotech-bid,rmyer@downtownbrooklyn.com,"Area generally bounded by Adams Street to the west, Tillary Street to the north, Flatbush Avenue Extension to the east, Fulton Mall to the south",Downtown Brooklyn,January 1992,"Located in the heart of 'America's Fourth Largest City', the MetroTech BID comprises some 25 whole blocks, or approximately 60 acres, including the 3.3 acre park at its center, the MetroTech Commons.  Over 150 stores, restaurants and service establishments form the retail sector of the BID  provides services to business people, students, area residents and visitors in this vibrant area.",95,134